CaseID,ActivityID,CompleteTimestamp
0,0,2010-12-01 00:00:05
0,0,2010-12-01 00:00:10
0,0,2010-12-01 00:00:15
0,0,2010-12-01 00:00:20
1,0,2010-12-01 00:00:25
1,0,2010-12-01 00:00:30
1,0,2010-12-01 00:00:35
2,0,2010-12-01 00:00:40
2,0,2010-12-01 00:00:45
2,0,2010-12-01 00:00:50
3,0,2010-12-01 00:00:55
3,0,2010-12-01 00:01:00
3,2,2010-12-01 00:01:05
3,0,2010-12-01 00:01:10
3,0,2010-12-01 00:01:15
3,0,2010-12-01 00:01:20
3,1,2010-12-01 00:01:25
4,0,2010-12-01 00:01:30
4,0,2010-12-01 00:01:35
4,0,2010-12-01 00:01:40
4,0,2010-12-01 00:01:45
4,0,2010-12-01 00:01:50
5,0,2010-12-01 00:01:55
5,0,2010-12-01 00:02:00
5,2,2010-12-01 00:02:05
5,0,2010-12-01 00:02:10
5,0,2010-12-01 00:02:15
5,0,2010-12-01 00:02:20
5,1,2010-12-01 00:02:25
6,0,2010-12-01 00:02:30
6,0,2010-12-01 00:02:35
6,0,2010-12-01 00:02:40
7,0,2010-12-01 00:02:45
7,0,2010-12-01 00:02:50
7,0,2010-12-01 00:02:55
7,0,2010-12-01 00:03:00
7,0,2010-12-01 00:03:05
8,0,2010-12-01 00:03:10
8,2,2010-12-01 00:03:15
8,0,2010-12-01 00:03:20
8,0,2010-12-01 00:03:25
8,0,2010-12-01 00:03:30
8,1,2010-12-01 00:03:35
9,0,2010-12-01 00:03:40
9,1,2010-12-01 00:03:45
10,0,2010-12-01 00:03:50
10,0,2010-12-01 00:03:55
11,0,2010-12-01 00:04:00
11,0,2010-12-01 00:04:05
12,0,2010-12-01 00:04:10
12,1,2010-12-01 00:04:15
13,0,2010-12-01 00:04:20
13,0,2010-12-01 00:04:25
13,2,2010-12-01 00:04:30
13,0,2010-12-01 00:04:35
13,2,2010-12-01 00:04:40
13,0,2010-12-01 00:04:45
13,0,2010-12-01 00:04:50
13,0,2010-12-01 00:04:55
14,2,2010-12-01 00:05:00
14,0,2010-12-01 00:05:05
14,0,2010-12-01 00:05:10
14,0,2010-12-01 00:05:15
15,0,2010-12-01 00:05:20
15,0,2010-12-01 00:05:25
15,0,2010-12-01 00:05:30
15,1,2010-12-01 00:05:35
16,0,2010-12-01 00:05:40
16,0,2010-12-01 00:05:45
16,2,2010-12-01 00:05:50
16,0,2010-12-01 00:05:55
17,0,2010-12-01 00:06:00
17,1,2010-12-01 00:06:05
18,0,2010-12-01 00:06:10
18,1,2010-12-01 00:06:15
19,0,2010-12-01 00:06:20
19,1,2010-12-01 00:06:25
20,0,2010-12-01 00:06:30
20,0,2010-12-01 00:06:35
21,0,2010-12-01 00:06:40
21,0,2010-12-01 00:06:45
22,0,2010-12-01 00:06:50
22,1,2010-12-01 00:06:55
23,2,2010-12-01 00:07:00
23,0,2010-12-01 00:07:05
23,0,2010-12-01 00:07:10
23,0,2010-12-01 00:07:15
23,0,2010-12-01 00:07:20
23,0,2010-12-01 00:07:25
23,0,2010-12-01 00:07:30
23,1,2010-12-01 00:07:35
24,0,2010-12-01 00:07:40
24,2,2010-12-01 00:07:45
24,0,2010-12-01 00:07:50
24,0,2010-12-01 00:07:55
25,0,2010-12-01 00:08:00
25,0,2010-12-01 00:08:05
25,1,2010-12-01 00:08:10
26,0,2010-12-01 00:08:15
26,1,2010-12-01 00:08:20
27,0,2010-12-01 00:08:25
27,1,2010-12-01 00:08:30
28,0,2010-12-01 00:08:35
28,1,2010-12-01 00:08:40
29,0,2010-12-01 00:08:45
29,1,2010-12-01 00:08:50
30,0,2010-12-01 00:08:55
30,1,2010-12-01 00:09:00
31,0,2010-12-01 00:09:05
31,0,2010-12-01 00:09:10
31,1,2010-12-01 00:09:15
32,0,2010-12-01 00:09:20
32,0,2010-12-01 00:09:25
32,0,2010-12-01 00:09:30
32,2,2010-12-01 00:09:35
33,0,2010-12-01 00:09:40
33,0,2010-12-01 00:09:45
33,0,2010-12-01 00:09:50
33,0,2010-12-01 00:09:55
33,2,2010-12-01 00:10:00
33,0,2010-12-01 00:10:05
33,1,2010-12-01 00:10:10
34,0,2010-12-01 00:10:15
34,0,2010-12-01 00:10:20
34,1,2010-12-01 00:10:25
35,0,2010-12-01 00:10:30
35,1,2010-12-01 00:10:35
36,0,2010-12-01 00:10:40
36,1,2010-12-01 00:10:45
37,0,2010-12-01 00:10:50
37,2,2010-12-01 00:10:55
38,0,2010-12-01 00:11:00
38,1,2010-12-01 00:11:05
39,0,2010-12-01 00:11:10
39,0,2010-12-01 00:11:15
39,0,2010-12-01 00:11:20
40,0,2010-12-01 00:11:25
40,1,2010-12-01 00:11:30
41,0,2010-12-01 00:11:35
41,0,2010-12-01 00:11:40
41,0,2010-12-01 00:11:45
42,0,2010-12-01 00:11:50
42,1,2010-12-01 00:11:55
43,0,2010-12-01 00:12:00
43,2,2010-12-01 00:12:05
43,0,2010-12-01 00:12:10
43,0,2010-12-01 00:12:15
43,0,2010-12-01 00:12:20
43,1,2010-12-01 00:12:25
44,0,2010-12-01 00:12:30
44,1,2010-12-01 00:12:35
45,0,2010-12-01 00:12:40
45,1,2010-12-01 00:12:45
46,0,2010-12-01 00:12:50
46,0,2010-12-01 00:12:55
46,0,2010-12-01 00:13:00
46,0,2010-12-01 00:13:05
47,0,2010-12-01 00:13:10
47,0,2010-12-01 00:13:15
47,0,2010-12-01 00:13:20
47,1,2010-12-01 00:13:25
48,0,2010-12-01 00:13:30
48,1,2010-12-01 00:13:35
49,0,2010-12-01 00:13:40
49,1,2010-12-01 00:13:45
50,2,2010-12-01 00:13:50
51,0,2010-12-01 00:13:55
51,0,2010-12-01 00:14:00
52,0,2010-12-01 00:14:05
52,1,2010-12-01 00:14:10
53,0,2010-12-01 00:14:15
53,1,2010-12-01 00:14:20
54,0,2010-12-01 00:14:25
54,0,2010-12-01 00:14:30
54,1,2010-12-01 00:14:35
55,0,2010-12-01 00:14:40
55,0,2010-12-01 00:14:45
55,0,2010-12-01 00:14:50
55,1,2010-12-01 00:14:55
56,0,2010-12-01 00:15:00
56,0,2010-12-01 00:15:05
56,0,2010-12-01 00:15:10
56,0,2010-12-01 00:15:15
56,0,2010-12-01 00:15:20
56,0,2010-12-01 00:15:25
56,0,2010-12-01 00:15:30
56,1,2010-12-01 00:15:35
57,0,2010-12-01 00:15:40
57,1,2010-12-01 00:15:45
58,0,2010-12-01 00:15:50
58,2,2010-12-01 00:15:55
59,0,2010-12-01 00:16:00
59,1,2010-12-01 00:16:05
60,0,2010-12-01 00:16:10
60,0,2010-12-01 00:16:15
60,2,2010-12-01 00:16:20
60,0,2010-12-01 00:16:25
60,0,2010-12-01 00:16:30
60,1,2010-12-01 00:16:35
61,0,2010-12-01 00:16:40
61,1,2010-12-01 00:16:45
62,0,2010-12-01 00:16:50
62,2,2010-12-01 00:16:55
62,0,2010-12-01 00:17:00
62,0,2010-12-01 00:17:05
62,0,2010-12-01 00:17:10
62,1,2010-12-01 00:17:15
63,0,2010-12-01 00:17:20
63,0,2010-12-01 00:17:25
63,2,2010-12-01 00:17:30
63,2,2010-12-01 00:17:35
63,2,2010-12-01 00:17:40
63,0,2010-12-01 00:17:45
63,0,2010-12-01 00:17:50
64,0,2010-12-01 00:17:55
64,1,2010-12-01 00:18:00
65,0,2010-12-01 00:18:05
65,1,2010-12-01 00:18:10
66,0,2010-12-01 00:18:15
66,1,2010-12-01 00:18:20
67,0,2010-12-01 00:18:25
67,2,2010-12-01 00:18:30
67,0,2010-12-01 00:18:35
67,0,2010-12-01 00:18:40
68,0,2010-12-01 00:18:45
68,1,2010-12-01 00:18:50
69,0,2010-12-01 00:18:55
69,1,2010-12-01 00:19:00
70,0,2010-12-01 00:19:05
70,0,2010-12-01 00:19:10
70,0,2010-12-01 00:19:15
70,0,2010-12-01 00:19:20
70,1,2010-12-01 00:19:25
71,0,2010-12-01 00:19:30
71,0,2010-12-01 00:19:35
71,1,2010-12-01 00:19:40
72,0,2010-12-01 00:19:45
72,0,2010-12-01 00:19:50
72,1,2010-12-01 00:19:55
73,0,2010-12-01 00:20:00
73,1,2010-12-01 00:20:05
74,0,2010-12-01 00:20:10
74,1,2010-12-01 00:20:15
75,0,2010-12-01 00:20:20
75,0,2010-12-01 00:20:25
75,0,2010-12-01 00:20:30
75,0,2010-12-01 00:20:35
75,0,2010-12-01 00:20:40
75,0,2010-12-01 00:20:45
75,0,2010-12-01 00:20:50
76,0,2010-12-01 00:20:55
76,0,2010-12-01 00:21:00
76,1,2010-12-01 00:21:05
77,0,2010-12-01 00:21:10
77,2,2010-12-01 00:21:15
78,0,2010-12-01 00:21:20
78,0,2010-12-01 00:21:25
78,1,2010-12-01 00:21:30
79,2,2010-12-01 00:21:35
79,2,2010-12-01 00:21:40
79,2,2010-12-01 00:21:45
79,2,2010-12-01 00:21:50
79,0,2010-12-01 00:21:55
79,0,2010-12-01 00:22:00
79,1,2010-12-01 00:22:05
80,0,2010-12-01 00:22:10
80,0,2010-12-01 00:22:15
80,1,2010-12-01 00:22:20
81,0,2010-12-01 00:22:25
81,0,2010-12-01 00:22:30
81,1,2010-12-01 00:22:35
82,0,2010-12-01 00:22:40
82,0,2010-12-01 00:22:45
82,0,2010-12-01 00:22:50
83,0,2010-12-01 00:22:55
83,0,2010-12-01 00:23:00
83,0,2010-12-01 00:23:05
83,2,2010-12-01 00:23:10
84,0,2010-12-01 00:23:15
84,1,2010-12-01 00:23:20
85,0,2010-12-01 00:23:25
85,1,2010-12-01 00:23:30
86,0,2010-12-01 00:23:35
86,0,2010-12-01 00:23:40
86,1,2010-12-01 00:23:45
87,0,2010-12-01 00:23:50
87,1,2010-12-01 00:23:55
88,0,2010-12-01 00:24:00
88,1,2010-12-01 00:24:05
89,0,2010-12-01 00:24:10
89,0,2010-12-01 00:24:15
89,0,2010-12-01 00:24:20
89,0,2010-12-01 00:24:25
89,0,2010-12-01 00:24:30
89,1,2010-12-01 00:24:35
90,0,2010-12-01 00:24:40
90,1,2010-12-01 00:24:45
91,0,2010-12-01 00:24:50
91,1,2010-12-01 00:24:55
92,0,2010-12-01 00:25:00
92,0,2010-12-01 00:25:05
92,0,2010-12-01 00:25:10
92,1,2010-12-01 00:25:15
93,0,2010-12-01 00:25:20
93,0,2010-12-01 00:25:25
93,0,2010-12-01 00:25:30
93,1,2010-12-01 00:25:35
94,0,2010-12-01 00:25:40
94,1,2010-12-01 00:25:45
95,0,2010-12-01 00:25:50
95,1,2010-12-01 00:25:55
96,0,2010-12-01 00:26:00
96,1,2010-12-01 00:26:05
97,0,2010-12-01 00:26:10
97,0,2010-12-01 00:26:15
97,1,2010-12-01 00:26:20
98,0,2010-12-01 00:26:25
98,0,2010-12-01 00:26:30
98,1,2010-12-01 00:26:35
99,0,2010-12-01 00:26:40
99,1,2010-12-01 00:26:45
100,0,2010-12-01 00:26:50
100,2,2010-12-01 00:26:55
101,0,2010-12-01 00:27:00
101,1,2010-12-01 00:27:05
102,0,2010-12-01 00:27:10
102,2,2010-12-01 00:27:15
103,0,2010-12-01 00:27:20
103,1,2010-12-01 00:27:25
104,0,2010-12-01 00:27:30
104,1,2010-12-01 00:27:35
105,0,2010-12-01 00:27:40
105,0,2010-12-01 00:27:45
105,0,2010-12-01 00:27:50
105,1,2010-12-01 00:27:55
106,0,2010-12-01 00:28:00
106,1,2010-12-01 00:28:05
107,0,2010-12-01 00:28:10
107,1,2010-12-01 00:28:15
108,0,2010-12-01 00:28:20
108,0,2010-12-01 00:28:25
108,1,2010-12-01 00:28:30
109,0,2010-12-01 00:28:35
109,1,2010-12-01 00:28:40
110,0,2010-12-01 00:28:45
110,0,2010-12-01 00:28:50
110,2,2010-12-01 00:28:55
111,0,2010-12-01 00:29:00
111,1,2010-12-01 00:29:05
112,0,2010-12-01 00:29:10
112,1,2010-12-01 00:29:15
113,0,2010-12-01 00:29:20
113,0,2010-12-01 00:29:25
114,0,2010-12-01 00:29:30
114,0,2010-12-01 00:29:35
114,0,2010-12-01 00:29:40
114,0,2010-12-01 00:29:45
114,1,2010-12-01 00:29:50
115,0,2010-12-01 00:29:55
115,0,2010-12-01 00:30:00
115,1,2010-12-01 00:30:05
116,0,2010-12-01 00:30:10
116,2,2010-12-01 00:30:15
117,2,2010-12-01 00:30:20
117,0,2010-12-01 00:30:25
118,0,2010-12-01 00:30:30
118,1,2010-12-01 00:30:35
119,0,2010-12-01 00:30:40
119,1,2010-12-01 00:30:45
120,0,2010-12-01 00:30:50
120,0,2010-12-01 00:30:55
120,1,2010-12-01 00:31:00
121,0,2010-12-01 00:31:05
121,0,2010-12-01 00:31:10
121,1,2010-12-01 00:31:15
122,0,2010-12-01 00:31:20
122,1,2010-12-01 00:31:25
123,0,2010-12-01 00:31:30
123,0,2010-12-01 00:31:35
123,0,2010-12-01 00:31:40
123,0,2010-12-01 00:31:45
124,0,2010-12-01 00:31:50
124,2,2010-12-01 00:31:55
125,0,2010-12-01 00:32:00
125,0,2010-12-01 00:32:05
125,2,2010-12-01 00:32:10
125,0,2010-12-01 00:32:15
125,2,2010-12-01 00:32:20
125,0,2010-12-01 00:32:25
125,1,2010-12-01 00:32:30
126,0,2010-12-01 00:32:35
126,0,2010-12-01 00:32:40
126,0,2010-12-01 00:32:45
127,0,2010-12-01 00:32:50
127,1,2010-12-01 00:32:55
128,0,2010-12-01 00:33:00
128,0,2010-12-01 00:33:05
128,0,2010-12-01 00:33:10
129,2,2010-12-01 00:33:15
129,0,2010-12-01 00:33:20
129,1,2010-12-01 00:33:25
130,2,2010-12-01 00:33:30
130,2,2010-12-01 00:33:35
130,0,2010-12-01 00:33:40
130,0,2010-12-01 00:33:45
130,1,2010-12-01 00:33:50
131,0,2010-12-01 00:33:55
131,0,2010-12-01 00:34:00
131,0,2010-12-01 00:34:05
131,0,2010-12-01 00:34:10
131,1,2010-12-01 00:34:15
132,0,2010-12-01 00:34:20
132,2,2010-12-01 00:34:25
133,0,2010-12-01 00:34:30
133,1,2010-12-01 00:34:35
134,0,2010-12-01 00:34:40
134,2,2010-12-01 00:34:45
134,2,2010-12-01 00:34:50
134,0,2010-12-01 00:34:55
134,0,2010-12-01 00:35:00
134,0,2010-12-01 00:35:05
134,0,2010-12-01 00:35:10
134,2,2010-12-01 00:35:15
135,0,2010-12-01 00:35:20
135,0,2010-12-01 00:35:25
135,0,2010-12-01 00:35:30
135,0,2010-12-01 00:35:35
136,0,2010-12-01 00:35:40
136,0,2010-12-01 00:35:45
136,0,2010-12-01 00:35:50
136,1,2010-12-01 00:35:55
137,0,2010-12-01 00:36:00
137,1,2010-12-01 00:36:05
138,0,2010-12-01 00:36:10
138,0,2010-12-01 00:36:15
138,1,2010-12-01 00:36:20
139,0,2010-12-01 00:36:25
139,1,2010-12-01 00:36:30
140,0,2010-12-01 00:36:35
140,0,2010-12-01 00:36:40
140,1,2010-12-01 00:36:45
141,0,2010-12-01 00:36:50
141,2,2010-12-01 00:36:55
141,0,2010-12-01 00:37:00
142,0,2010-12-01 00:37:05
142,1,2010-12-01 00:37:10
143,0,2010-12-01 00:37:15
143,1,2010-12-01 00:37:20
144,0,2010-12-01 00:37:25
144,0,2010-12-01 00:37:30
144,0,2010-12-01 00:37:35
144,0,2010-12-01 00:37:40
144,0,2010-12-01 00:37:45
144,0,2010-12-01 00:37:50
144,0,2010-12-01 00:37:55
144,0,2010-12-01 00:38:00
144,1,2010-12-01 00:38:05
145,0,2010-12-01 00:38:10
145,0,2010-12-01 00:38:15
145,0,2010-12-01 00:38:20
145,0,2010-12-01 00:38:25
145,0,2010-12-01 00:38:30
145,1,2010-12-01 00:38:35
146,0,2010-12-01 00:38:40
146,1,2010-12-01 00:38:45
147,0,2010-12-01 00:38:50
147,0,2010-12-01 00:38:55
147,0,2010-12-01 00:39:00
147,1,2010-12-01 00:39:05
148,0,2010-12-01 00:39:10
148,0,2010-12-01 00:39:15
148,0,2010-12-01 00:39:20
148,1,2010-12-01 00:39:25
149,0,2010-12-01 00:39:30
149,1,2010-12-01 00:39:35
150,2,2010-12-01 00:39:40
151,0,2010-12-01 00:39:45
151,2,2010-12-01 00:39:50
151,2,2010-12-01 00:39:55
151,2,2010-12-01 00:40:00
151,2,2010-12-01 00:40:05
151,0,2010-12-01 00:40:10
151,1,2010-12-01 00:40:15
152,0,2010-12-01 00:40:20
152,2,2010-12-01 00:40:25
152,2,2010-12-01 00:40:30
153,0,2010-12-01 00:40:35
153,1,2010-12-01 00:40:40
154,0,2010-12-01 00:40:45
154,0,2010-12-01 00:40:50
154,2,2010-12-01 00:40:55
154,0,2010-12-01 00:41:00
154,0,2010-12-01 00:41:05
154,1,2010-12-01 00:41:10
155,0,2010-12-01 00:41:15
155,0,2010-12-01 00:41:20
155,1,2010-12-01 00:41:25
156,0,2010-12-01 00:41:30
156,1,2010-12-01 00:41:35
157,0,2010-12-01 00:41:40
157,2,2010-12-01 00:41:45
157,0,2010-12-01 00:41:50
157,2,2010-12-01 00:41:55
157,0,2010-12-01 00:42:00
158,0,2010-12-01 00:42:05
158,1,2010-12-01 00:42:10
159,0,2010-12-01 00:42:15
159,2,2010-12-01 00:42:20
159,0,2010-12-01 00:42:25
159,2,2010-12-01 00:42:30
159,2,2010-12-01 00:42:35
159,2,2010-12-01 00:42:40
159,0,2010-12-01 00:42:45
159,1,2010-12-01 00:42:50
159,0,2010-12-01 00:42:55
160,0,2010-12-01 00:43:00
160,1,2010-12-01 00:43:05
161,0,2010-12-01 00:43:10
161,1,2010-12-01 00:43:15
162,0,2010-12-01 00:43:20
162,0,2010-12-01 00:43:25
162,1,2010-12-01 00:43:30
163,0,2010-12-01 00:43:35
163,0,2010-12-01 00:43:40
164,0,2010-12-01 00:43:45
164,1,2010-12-01 00:43:50
165,0,2010-12-01 00:43:55
165,1,2010-12-01 00:44:00
166,0,2010-12-01 00:44:05
166,2,2010-12-01 00:44:10
166,2,2010-12-01 00:44:15
166,0,2010-12-01 00:44:20
166,0,2010-12-01 00:44:25
166,1,2010-12-01 00:44:30
167,0,2010-12-01 00:44:35
167,0,2010-12-01 00:44:40
167,2,2010-12-01 00:44:45
167,0,2010-12-01 00:44:50
168,0,2010-12-01 00:44:55
168,1,2010-12-01 00:45:00
169,0,2010-12-01 00:45:05
169,1,2010-12-01 00:45:10
170,2,2010-12-01 00:45:15
170,0,2010-12-01 00:45:20
170,1,2010-12-01 00:45:25
170,0,2010-12-01 00:45:30
170,1,2010-12-01 00:45:35
171,0,2010-12-01 00:45:40
171,1,2010-12-01 00:45:45
172,0,2010-12-01 00:45:50
172,2,2010-12-01 00:45:55
172,0,2010-12-01 00:46:00
172,1,2010-12-01 00:46:05
173,0,2010-12-01 00:46:10
173,0,2010-12-01 00:46:15
174,0,2010-12-01 00:46:20
174,0,2010-12-01 00:46:25
174,0,2010-12-01 00:46:30
174,1,2010-12-01 00:46:35
175,0,2010-12-01 00:46:40
175,1,2010-12-01 00:46:45
176,2,2010-12-01 00:46:50
176,0,2010-12-01 00:46:55
176,1,2010-12-01 00:47:00
176,0,2010-12-01 00:47:05
176,1,2010-12-01 00:47:10
177,0,2010-12-01 00:47:15
177,1,2010-12-01 00:47:20
178,0,2010-12-01 00:47:25
178,0,2010-12-01 00:47:30
178,0,2010-12-01 00:47:35
178,1,2010-12-01 00:47:40
179,0,2010-12-01 00:47:45
179,2,2010-12-01 00:47:50
180,0,2010-12-01 00:47:55
180,0,2010-12-01 00:48:00
180,1,2010-12-01 00:48:05
181,0,2010-12-01 00:48:10
181,1,2010-12-01 00:48:15
182,0,2010-12-01 00:48:20
182,2,2010-12-01 00:48:25
182,2,2010-12-01 00:48:30
182,0,2010-12-01 00:48:35
182,1,2010-12-01 00:48:40
183,2,2010-12-01 00:48:45
183,0,2010-12-01 00:48:50
183,1,2010-12-01 00:48:55
184,0,2010-12-01 00:49:00
184,0,2010-12-01 00:49:05
185,0,2010-12-01 00:49:10
185,2,2010-12-01 00:49:15
185,0,2010-12-01 00:49:20
185,1,2010-12-01 00:49:25
186,0,2010-12-01 00:49:30
186,2,2010-12-01 00:49:35
186,0,2010-12-01 00:49:40
186,2,2010-12-01 00:49:45
186,2,2010-12-01 00:49:50
186,0,2010-12-01 00:49:55
186,2,2010-12-01 00:50:00
186,0,2010-12-01 00:50:05
186,0,2010-12-01 00:50:10
186,2,2010-12-01 00:50:15
187,0,2010-12-01 00:50:20
187,1,2010-12-01 00:50:25
188,0,2010-12-01 00:50:30
188,2,2010-12-01 00:50:35
188,0,2010-12-01 00:50:40
188,2,2010-12-01 00:50:45
189,0,2010-12-01 00:50:50
189,1,2010-12-01 00:50:55
190,0,2010-12-01 00:51:00
191,0,2010-12-01 00:51:05
191,0,2010-12-01 00:51:10
191,2,2010-12-01 00:51:15
192,0,2010-12-01 00:51:20
192,1,2010-12-01 00:51:25
193,0,2010-12-01 00:51:30
193,1,2010-12-01 00:51:35
194,0,2010-12-01 00:51:40
194,0,2010-12-01 00:51:45
194,1,2010-12-01 00:51:50
195,0,2010-12-01 00:51:55
195,2,2010-12-01 00:52:00
195,2,2010-12-01 00:52:05
196,0,2010-12-01 00:52:10
196,0,2010-12-01 00:52:15
196,0,2010-12-01 00:52:20
196,1,2010-12-01 00:52:25
197,2,2010-12-01 00:52:30
198,0,2010-12-01 00:52:35
198,0,2010-12-01 00:52:40
198,0,2010-12-01 00:52:45
198,0,2010-12-01 00:52:50
199,0,2010-12-01 00:52:55
199,1,2010-12-01 00:53:00
199,0,2010-12-01 00:53:05
199,1,2010-12-01 00:53:10
200,0,2010-12-01 00:53:15
200,0,2010-12-01 00:53:20
200,0,2010-12-01 00:53:25
200,1,2010-12-01 00:53:30
201,0,2010-12-01 00:53:35
201,2,2010-12-01 00:53:40
201,2,2010-12-01 00:53:45
202,0,2010-12-01 00:53:50
202,1,2010-12-01 00:53:55
203,0,2010-12-01 00:54:00
203,0,2010-12-01 00:54:05
203,1,2010-12-01 00:54:10
204,0,2010-12-01 00:54:15
204,1,2010-12-01 00:54:20
204,0,2010-12-01 00:54:25
204,0,2010-12-01 00:54:30
204,2,2010-12-01 00:54:35
205,0,2010-12-01 00:54:40
205,1,2010-12-01 00:54:45
205,0,2010-12-01 00:54:50
205,1,2010-12-01 00:54:55
205,0,2010-12-01 00:55:00
205,1,2010-12-01 00:55:05
206,0,2010-12-01 00:55:10
206,2,2010-12-01 00:55:15
206,0,2010-12-01 00:55:20
206,0,2010-12-01 00:55:25
206,1,2010-12-01 00:55:30
207,0,2010-12-01 00:55:35
207,2,2010-12-01 00:55:40
207,0,2010-12-01 00:55:45
207,0,2010-12-01 00:55:50
207,1,2010-12-01 00:55:55
208,0,2010-12-01 00:56:00
208,0,2010-12-01 00:56:05
208,0,2010-12-01 00:56:10
209,0,2010-12-01 00:56:15
209,2,2010-12-01 00:56:20
209,0,2010-12-01 00:56:25
209,0,2010-12-01 00:56:30
210,2,2010-12-01 00:56:35
210,0,2010-12-01 00:56:40
210,2,2010-12-01 00:56:45
210,2,2010-12-01 00:56:50
210,2,2010-12-01 00:56:55
210,2,2010-12-01 00:57:00
210,0,2010-12-01 00:57:05
211,2,2010-12-01 00:57:10
212,0,2010-12-01 00:57:15
212,1,2010-12-01 00:57:20
213,0,2010-12-01 00:57:25
213,2,2010-12-01 00:57:30
213,0,2010-12-01 00:57:35
213,1,2010-12-01 00:57:40
213,0,2010-12-01 00:57:45
213,0,2010-12-01 00:57:50
213,1,2010-12-01 00:57:55
214,0,2010-12-01 00:58:00
214,1,2010-12-01 00:58:05
215,0,2010-12-01 00:58:10
215,2,2010-12-01 00:58:15
215,0,2010-12-01 00:58:20
215,0,2010-12-01 00:58:25
215,0,2010-12-01 00:58:30
215,1,2010-12-01 00:58:35
216,0,2010-12-01 00:58:40
216,2,2010-12-01 00:58:45
216,2,2010-12-01 00:58:50
216,0,2010-12-01 00:58:55
217,0,2010-12-01 00:59:00
217,0,2010-12-01 00:59:05
217,0,2010-12-01 00:59:10
218,0,2010-12-01 00:59:15
218,1,2010-12-01 00:59:20
219,0,2010-12-01 00:59:25
219,1,2010-12-01 00:59:30
219,0,2010-12-01 00:59:35
219,0,2010-12-01 00:59:40
219,1,2010-12-01 00:59:45
219,0,2010-12-01 00:59:50
219,1,2010-12-01 00:59:55
219,0,2010-12-01 01:00:00
219,1,2010-12-01 01:00:05
220,0,2010-12-01 01:00:10
220,1,2010-12-01 01:00:15
221,0,2010-12-01 01:00:20
221,2,2010-12-01 01:00:25
221,2,2010-12-01 01:00:30
221,0,2010-12-01 01:00:35
221,0,2010-12-01 01:00:40
221,1,2010-12-01 01:00:45
222,0,2010-12-01 01:00:50
222,0,2010-12-01 01:00:55
222,1,2010-12-01 01:01:00
223,0,2010-12-01 01:01:05
223,2,2010-12-01 01:01:10
223,0,2010-12-01 01:01:15
223,0,2010-12-01 01:01:20
223,1,2010-12-01 01:01:25
224,0,2010-12-01 01:01:30
224,1,2010-12-01 01:01:35
225,0,2010-12-01 01:01:40
225,0,2010-12-01 01:01:45
225,0,2010-12-01 01:01:50
225,1,2010-12-01 01:01:55
226,0,2010-12-01 01:02:00
226,0,2010-12-01 01:02:05
227,0,2010-12-01 01:02:10
227,1,2010-12-01 01:02:15
228,0,2010-12-01 01:02:20
228,0,2010-12-01 01:02:25
228,1,2010-12-01 01:02:30
229,0,2010-12-01 01:02:35
229,2,2010-12-01 01:02:40
229,0,2010-12-01 01:02:45
229,0,2010-12-01 01:02:50
229,1,2010-12-01 01:02:55
230,0,2010-12-01 01:03:00
230,1,2010-12-01 01:03:05
231,2,2010-12-01 01:03:10
232,0,2010-12-01 01:03:15
232,0,2010-12-01 01:03:20
232,1,2010-12-01 01:03:25
233,0,2010-12-01 01:03:30
233,1,2010-12-01 01:03:35
234,0,2010-12-01 01:03:40
234,2,2010-12-01 01:03:45
235,0,2010-12-01 01:03:50
235,2,2010-12-01 01:03:55
235,0,2010-12-01 01:04:00
235,0,2010-12-01 01:04:05
235,1,2010-12-01 01:04:10
236,0,2010-12-01 01:04:15
236,0,2010-12-01 01:04:20
236,0,2010-12-01 01:04:25
237,0,2010-12-01 01:04:30
237,2,2010-12-01 01:04:35
238,0,2010-12-01 01:04:40
238,1,2010-12-01 01:04:45
239,0,2010-12-01 01:04:50
239,0,2010-12-01 01:04:55
240,0,2010-12-01 01:05:00
240,0,2010-12-01 01:05:05
240,0,2010-12-01 01:05:10
240,0,2010-12-01 01:05:15
240,0,2010-12-01 01:05:20
240,0,2010-12-01 01:05:25
240,1,2010-12-01 01:05:30
241,0,2010-12-01 01:05:35
241,1,2010-12-01 01:05:40
242,0,2010-12-01 01:05:45
242,1,2010-12-01 01:05:50
243,0,2010-12-01 01:05:55
243,0,2010-12-01 01:06:00
243,0,2010-12-01 01:06:05
243,2,2010-12-01 01:06:10
243,2,2010-12-01 01:06:15
243,0,2010-12-01 01:06:20
243,1,2010-12-01 01:06:25
244,0,2010-12-01 01:06:30
244,1,2010-12-01 01:06:35
245,0,2010-12-01 01:06:40
245,1,2010-12-01 01:06:45
246,0,2010-12-01 01:06:50
246,1,2010-12-01 01:06:55
247,0,2010-12-01 01:07:00
247,1,2010-12-01 01:07:05
248,0,2010-12-01 01:07:10
248,2,2010-12-01 01:07:15
248,2,2010-12-01 01:07:20
248,0,2010-12-01 01:07:25
249,0,2010-12-01 01:07:30
249,0,2010-12-01 01:07:35
249,2,2010-12-01 01:07:40
249,0,2010-12-01 01:07:45
249,0,2010-12-01 01:07:50
249,1,2010-12-01 01:07:55
250,0,2010-12-01 01:08:00
251,0,2010-12-01 01:08:05
251,0,2010-12-01 01:08:10
251,0,2010-12-01 01:08:15
251,2,2010-12-01 01:08:20
251,0,2010-12-01 01:08:25
251,2,2010-12-01 01:08:30
251,0,2010-12-01 01:08:35
251,1,2010-12-01 01:08:40
251,0,2010-12-01 01:08:45
251,2,2010-12-01 01:08:50
251,0,2010-12-01 01:08:55
251,0,2010-12-01 01:09:00
251,1,2010-12-01 01:09:05
251,0,2010-12-01 01:09:10
251,0,2010-12-01 01:09:15
251,0,2010-12-01 01:09:20
251,1,2010-12-01 01:09:25
251,0,2010-12-01 01:09:30
251,1,2010-12-01 01:09:35
252,0,2010-12-01 01:09:40
252,1,2010-12-01 01:09:45
253,0,2010-12-01 01:09:50
253,0,2010-12-01 01:09:55
253,0,2010-12-01 01:10:00
253,0,2010-12-01 01:10:05
253,1,2010-12-01 01:10:10
254,0,2010-12-01 01:10:15
254,2,2010-12-01 01:10:20
255,0,2010-12-01 01:10:25
255,1,2010-12-01 01:10:30
256,0,2010-12-01 01:10:35
256,0,2010-12-01 01:10:40
256,0,2010-12-01 01:10:45
256,1,2010-12-01 01:10:50
257,0,2010-12-01 01:10:55
257,1,2010-12-01 01:11:00
257,0,2010-12-01 01:11:05
257,0,2010-12-01 01:11:10
257,2,2010-12-01 01:11:15
257,0,2010-12-01 01:11:20
257,0,2010-12-01 01:11:25
257,1,2010-12-01 01:11:30
258,0,2010-12-01 01:11:35
258,1,2010-12-01 01:11:40
259,0,2010-12-01 01:11:45
259,0,2010-12-01 01:11:50
259,0,2010-12-01 01:11:55
259,1,2010-12-01 01:12:00
260,0,2010-12-01 01:12:05
260,1,2010-12-01 01:12:10
261,0,2010-12-01 01:12:15
261,2,2010-12-01 01:12:20
262,0,2010-12-01 01:12:25
262,0,2010-12-01 01:12:30
262,2,2010-12-01 01:12:35
262,2,2010-12-01 01:12:40
263,0,2010-12-01 01:12:45
263,1,2010-12-01 01:12:50
264,0,2010-12-01 01:12:55
264,0,2010-12-01 01:13:00
264,0,2010-12-01 01:13:05
264,1,2010-12-01 01:13:10
265,0,2010-12-01 01:13:15
265,0,2010-12-01 01:13:20
265,0,2010-12-01 01:13:25
265,1,2010-12-01 01:13:30
266,0,2010-12-01 01:13:35
266,0,2010-12-01 01:13:40
266,0,2010-12-01 01:13:45
266,0,2010-12-01 01:13:50
266,0,2010-12-01 01:13:55
266,1,2010-12-01 01:14:00
267,0,2010-12-01 01:14:05
267,1,2010-12-01 01:14:10
268,0,2010-12-01 01:14:15
268,0,2010-12-01 01:14:20
268,0,2010-12-01 01:14:25
268,1,2010-12-01 01:14:30
269,2,2010-12-01 01:14:35
270,0,2010-12-01 01:14:40
270,0,2010-12-01 01:14:45
270,0,2010-12-01 01:14:50
270,1,2010-12-01 01:14:55
271,0,2010-12-01 01:15:00
271,0,2010-12-01 01:15:05
271,1,2010-12-01 01:15:10
272,0,2010-12-01 01:15:15
272,1,2010-12-01 01:15:20
273,0,2010-12-01 01:15:25
273,0,2010-12-01 01:15:30
273,1,2010-12-01 01:15:35
274,0,2010-12-01 01:15:40
274,1,2010-12-01 01:15:45
275,0,2010-12-01 01:15:50
275,0,2010-12-01 01:15:55
275,0,2010-12-01 01:16:00
275,1,2010-12-01 01:16:05
276,0,2010-12-01 01:16:10
276,0,2010-12-01 01:16:15
276,0,2010-12-01 01:16:20
276,1,2010-12-01 01:16:25
277,0,2010-12-01 01:16:30
277,1,2010-12-01 01:16:35
277,0,2010-12-01 01:16:40
277,2,2010-12-01 01:16:45
278,0,2010-12-01 01:16:50
278,1,2010-12-01 01:16:55
279,0,2010-12-01 01:17:00
279,0,2010-12-01 01:17:05
279,0,2010-12-01 01:17:10
279,1,2010-12-01 01:17:15
280,0,2010-12-01 01:17:20
280,1,2010-12-01 01:17:25
281,0,2010-12-01 01:17:30
281,1,2010-12-01 01:17:35
282,0,2010-12-01 01:17:40
282,1,2010-12-01 01:17:45
283,0,2010-12-01 01:17:50
283,1,2010-12-01 01:17:55
284,0,2010-12-01 01:18:00
284,1,2010-12-01 01:18:05
285,0,2010-12-01 01:18:10
285,0,2010-12-01 01:18:15
285,1,2010-12-01 01:18:20
286,2,2010-12-01 01:18:25
286,0,2010-12-01 01:18:30
286,1,2010-12-01 01:18:35
287,2,2010-12-01 01:18:40
287,0,2010-12-01 01:18:45
287,0,2010-12-01 01:18:50
288,0,2010-12-01 01:18:55
288,1,2010-12-01 01:19:00
289,0,2010-12-01 01:19:05
289,1,2010-12-01 01:19:10
289,0,2010-12-01 01:19:15
289,1,2010-12-01 01:19:20
290,0,2010-12-01 01:19:25
290,0,2010-12-01 01:19:30
290,0,2010-12-01 01:19:35
290,1,2010-12-01 01:19:40
291,0,2010-12-01 01:19:45
291,2,2010-12-01 01:19:50
291,0,2010-12-01 01:19:55
291,2,2010-12-01 01:20:00
291,0,2010-12-01 01:20:05
292,0,2010-12-01 01:20:10
292,0,2010-12-01 01:20:15
292,1,2010-12-01 01:20:20
293,0,2010-12-01 01:20:25
293,1,2010-12-01 01:20:30
294,0,2010-12-01 01:20:35
294,0,2010-12-01 01:20:40
294,1,2010-12-01 01:20:45
295,0,2010-12-01 01:20:50
295,1,2010-12-01 01:20:55
296,0,2010-12-01 01:21:00
296,1,2010-12-01 01:21:05
297,0,2010-12-01 01:21:10
297,1,2010-12-01 01:21:15
298,0,2010-12-01 01:21:20
298,1,2010-12-01 01:21:25
299,0,2010-12-01 01:21:30
299,1,2010-12-01 01:21:35
300,0,2010-12-01 01:21:40
300,2,2010-12-01 01:21:45
301,2,2010-12-01 01:21:50
301,0,2010-12-01 01:21:55
301,1,2010-12-01 01:22:00
301,0,2010-12-01 01:22:05
301,1,2010-12-01 01:22:10
302,0,2010-12-01 01:22:15
302,0,2010-12-01 01:22:20
302,1,2010-12-01 01:22:25
303,0,2010-12-01 01:22:30
303,0,2010-12-01 01:22:35
303,1,2010-12-01 01:22:40
304,0,2010-12-01 01:22:45
304,1,2010-12-01 01:22:50
305,2,2010-12-01 01:22:55
305,0,2010-12-01 01:23:00
305,1,2010-12-01 01:23:05
306,0,2010-12-01 01:23:10
306,1,2010-12-01 01:23:15
307,0,2010-12-01 01:23:20
307,1,2010-12-01 01:23:25
308,0,2010-12-01 01:23:30
308,0,2010-12-01 01:23:35
308,1,2010-12-01 01:23:40
309,0,2010-12-01 01:23:45
309,1,2010-12-01 01:23:50
310,0,2010-12-01 01:23:55
310,1,2010-12-01 01:24:00
311,2,2010-12-01 01:24:05
311,0,2010-12-01 01:24:10
311,0,2010-12-01 01:24:15
311,0,2010-12-01 01:24:20
311,1,2010-12-01 01:24:25
312,0,2010-12-01 01:24:30
312,1,2010-12-01 01:24:35
313,0,2010-12-01 01:24:40
313,1,2010-12-01 01:24:45
314,0,2010-12-01 01:24:50
314,0,2010-12-01 01:24:55
314,2,2010-12-01 01:25:00
315,0,2010-12-01 01:25:05
315,0,2010-12-01 01:25:10
315,2,2010-12-01 01:25:15
315,0,2010-12-01 01:25:20
315,0,2010-12-01 01:25:25
315,1,2010-12-01 01:25:30
316,0,2010-12-01 01:25:35
316,1,2010-12-01 01:25:40
317,0,2010-12-01 01:25:45
317,0,2010-12-01 01:25:50
317,1,2010-12-01 01:25:55
318,2,2010-12-01 01:26:00
318,0,2010-12-01 01:26:05
318,1,2010-12-01 01:26:10
319,0,2010-12-01 01:26:15
319,1,2010-12-01 01:26:20
320,0,2010-12-01 01:26:25
320,1,2010-12-01 01:26:30
321,0,2010-12-01 01:26:35
321,2,2010-12-01 01:26:40
322,0,2010-12-01 01:26:45
322,0,2010-12-01 01:26:50
322,0,2010-12-01 01:26:55
322,0,2010-12-01 01:27:00
322,0,2010-12-01 01:27:05
322,0,2010-12-01 01:27:10
322,1,2010-12-01 01:27:15
323,0,2010-12-01 01:27:20
323,1,2010-12-01 01:27:25
324,2,2010-12-01 01:27:30
324,0,2010-12-01 01:27:35
324,1,2010-12-01 01:27:40
325,2,2010-12-01 01:27:45
326,0,2010-12-01 01:27:50
326,0,2010-12-01 01:27:55
326,1,2010-12-01 01:28:00
327,0,2010-12-01 01:28:05
327,1,2010-12-01 01:28:10
328,0,2010-12-01 01:28:15
328,0,2010-12-01 01:28:20
328,0,2010-12-01 01:28:25
328,1,2010-12-01 01:28:30
329,0,2010-12-01 01:28:35
329,1,2010-12-01 01:28:40
330,0,2010-12-01 01:28:45
330,0,2010-12-01 01:28:50
330,0,2010-12-01 01:28:55
330,1,2010-12-01 01:29:00
331,0,2010-12-01 01:29:05
331,1,2010-12-01 01:29:10
332,0,2010-12-01 01:29:15
332,0,2010-12-01 01:29:20
332,0,2010-12-01 01:29:25
332,1,2010-12-01 01:29:30
333,0,2010-12-01 01:29:35
333,1,2010-12-01 01:29:40
334,0,2010-12-01 01:29:45
334,0,2010-12-01 01:29:50
334,1,2010-12-01 01:29:55
335,2,2010-12-01 01:30:00
335,0,2010-12-01 01:30:05
336,0,2010-12-01 01:30:10
336,0,2010-12-01 01:30:15
336,0,2010-12-01 01:30:20
336,1,2010-12-01 01:30:25
337,0,2010-12-01 01:30:30
337,1,2010-12-01 01:30:35
338,0,2010-12-01 01:30:40
338,1,2010-12-01 01:30:45
339,2,2010-12-01 01:30:50
339,0,2010-12-01 01:30:55
339,0,2010-12-01 01:31:00
339,0,2010-12-01 01:31:05
339,1,2010-12-01 01:31:10
340,0,2010-12-01 01:31:15
340,0,2010-12-01 01:31:20
340,2,2010-12-01 01:31:25
340,0,2010-12-01 01:31:30
340,0,2010-12-01 01:31:35
340,0,2010-12-01 01:31:40
340,0,2010-12-01 01:31:45
341,0,2010-12-01 01:31:50
341,0,2010-12-01 01:31:55
341,1,2010-12-01 01:32:00
342,0,2010-12-01 01:32:05
342,0,2010-12-01 01:32:10
342,0,2010-12-01 01:32:15
342,1,2010-12-01 01:32:20
343,0,2010-12-01 01:32:25
343,0,2010-12-01 01:32:30
343,2,2010-12-01 01:32:35
343,0,2010-12-01 01:32:40
343,0,2010-12-01 01:32:45
343,1,2010-12-01 01:32:50
344,2,2010-12-01 01:32:55
345,0,2010-12-01 01:33:00
345,0,2010-12-01 01:33:05
345,1,2010-12-01 01:33:10
346,0,2010-12-01 01:33:15
346,1,2010-12-01 01:33:20
347,2,2010-12-01 01:33:25
347,2,2010-12-01 01:33:30
347,2,2010-12-01 01:33:35
347,0,2010-12-01 01:33:40
347,1,2010-12-01 01:33:45
348,0,2010-12-01 01:33:50
348,0,2010-12-01 01:33:55
348,1,2010-12-01 01:34:00
349,0,2010-12-01 01:34:05
349,1,2010-12-01 01:34:10
350,0,2010-12-01 01:34:15
350,1,2010-12-01 01:34:20
350,0,2010-12-01 01:34:25
350,1,2010-12-01 01:34:30
351,0,2010-12-01 01:34:35
351,1,2010-12-01 01:34:40
352,2,2010-12-01 01:34:45
352,2,2010-12-01 01:34:50
353,0,2010-12-01 01:34:55
353,2,2010-12-01 01:35:00
353,0,2010-12-01 01:35:05
353,1,2010-12-01 01:35:10
354,0,2010-12-01 01:35:15
354,1,2010-12-01 01:35:20
355,0,2010-12-01 01:35:25
355,1,2010-12-01 01:35:30
355,0,2010-12-01 01:35:35
355,2,2010-12-01 01:35:40
356,0,2010-12-01 01:35:45
356,1,2010-12-01 01:35:50
357,0,2010-12-01 01:35:55
357,2,2010-12-01 01:36:00
357,0,2010-12-01 01:36:05
357,0,2010-12-01 01:36:10
357,1,2010-12-01 01:36:15
358,0,2010-12-01 01:36:20
358,1,2010-12-01 01:36:25
359,0,2010-12-01 01:36:30
359,1,2010-12-01 01:36:35
360,0,2010-12-01 01:36:40
360,1,2010-12-01 01:36:45
361,2,2010-12-01 01:36:50
362,0,2010-12-01 01:36:55
362,0,2010-12-01 01:37:00
362,0,2010-12-01 01:37:05
362,1,2010-12-01 01:37:10
363,0,2010-12-01 01:37:15
363,2,2010-12-01 01:37:20
363,0,2010-12-01 01:37:25
363,2,2010-12-01 01:37:30
363,0,2010-12-01 01:37:35
363,0,2010-12-01 01:37:40
363,1,2010-12-01 01:37:45
364,0,2010-12-01 01:37:50
364,1,2010-12-01 01:37:55
364,0,2010-12-01 01:38:00
364,1,2010-12-01 01:38:05
364,0,2010-12-01 01:38:10
364,0,2010-12-01 01:38:15
364,1,2010-12-01 01:38:20
364,0,2010-12-01 01:38:25
364,1,2010-12-01 01:38:30
365,0,2010-12-01 01:38:35
365,1,2010-12-01 01:38:40
366,0,2010-12-01 01:38:45
366,0,2010-12-01 01:38:50
366,0,2010-12-01 01:38:55
366,1,2010-12-01 01:39:00
367,0,2010-12-01 01:39:05
367,1,2010-12-01 01:39:10
368,2,2010-12-01 01:39:15
368,0,2010-12-01 01:39:20
368,1,2010-12-01 01:39:25
369,0,2010-12-01 01:39:30
369,2,2010-12-01 01:39:35
370,0,2010-12-01 01:39:40
370,1,2010-12-01 01:39:45
371,0,2010-12-01 01:39:50
371,1,2010-12-01 01:39:55
372,0,2010-12-01 01:40:00
372,1,2010-12-01 01:40:05
373,0,2010-12-01 01:40:10
373,2,2010-12-01 01:40:15
373,2,2010-12-01 01:40:20
373,0,2010-12-01 01:40:25
373,0,2010-12-01 01:40:30
373,1,2010-12-01 01:40:35
374,2,2010-12-01 01:40:40
374,0,2010-12-01 01:40:45
374,1,2010-12-01 01:40:50
375,0,2010-12-01 01:40:55
375,0,2010-12-01 01:41:00
375,1,2010-12-01 01:41:05
376,0,2010-12-01 01:41:10
376,0,2010-12-01 01:41:15
376,1,2010-12-01 01:41:20
376,0,2010-12-01 01:41:25
376,1,2010-12-01 01:41:30
377,0,2010-12-01 01:41:35
377,1,2010-12-01 01:41:40
378,0,2010-12-01 01:41:45
378,2,2010-12-01 01:41:50
378,0,2010-12-01 01:41:55
378,2,2010-12-01 01:42:00
378,0,2010-12-01 01:42:05
378,0,2010-12-01 01:42:10
378,0,2010-12-01 01:42:15
378,0,2010-12-01 01:42:20
378,1,2010-12-01 01:42:25
379,0,2010-12-01 01:42:30
379,1,2010-12-01 01:42:35
380,0,2010-12-01 01:42:40
380,2,2010-12-01 01:42:45
381,0,2010-12-01 01:42:50
381,2,2010-12-01 01:42:55
381,0,2010-12-01 01:43:00
381,0,2010-12-01 01:43:05
381,1,2010-12-01 01:43:10
382,0,2010-12-01 01:43:15
382,1,2010-12-01 01:43:20
383,0,2010-12-01 01:43:25
383,2,2010-12-01 01:43:30
384,0,2010-12-01 01:43:35
384,0,2010-12-01 01:43:40
384,1,2010-12-01 01:43:45
385,0,2010-12-01 01:43:50
385,1,2010-12-01 01:43:55
386,0,2010-12-01 01:44:00
386,0,2010-12-01 01:44:05
386,1,2010-12-01 01:44:10
386,0,2010-12-01 01:44:15
386,1,2010-12-01 01:44:20
387,0,2010-12-01 01:44:25
387,2,2010-12-01 01:44:30
387,2,2010-12-01 01:44:35
387,2,2010-12-01 01:44:40
387,0,2010-12-01 01:44:45
387,0,2010-12-01 01:44:50
387,1,2010-12-01 01:44:55
388,0,2010-12-01 01:45:00
388,1,2010-12-01 01:45:05
389,0,2010-12-01 01:45:10
389,2,2010-12-01 01:45:15
389,0,2010-12-01 01:45:20
389,2,2010-12-01 01:45:25
389,0,2010-12-01 01:45:30
389,2,2010-12-01 01:45:35
389,0,2010-12-01 01:45:40
389,0,2010-12-01 01:45:45
389,1,2010-12-01 01:45:50
390,2,2010-12-01 01:45:55
390,0,2010-12-01 01:46:00
390,1,2010-12-01 01:46:05
391,0,2010-12-01 01:46:10
391,1,2010-12-01 01:46:15
392,2,2010-12-01 01:46:20
392,0,2010-12-01 01:46:25
392,2,2010-12-01 01:46:30
392,0,2010-12-01 01:46:35
392,2,2010-12-01 01:46:40
392,0,2010-12-01 01:46:45
392,0,2010-12-01 01:46:50
392,0,2010-12-01 01:46:55
392,1,2010-12-01 01:47:00
393,0,2010-12-01 01:47:05
393,0,2010-12-01 01:47:10
393,0,2010-12-01 01:47:15
393,0,2010-12-01 01:47:20
393,1,2010-12-01 01:47:25
394,0,2010-12-01 01:47:30
394,1,2010-12-01 01:47:35
395,2,2010-12-01 01:47:40
396,0,2010-12-01 01:47:45
396,2,2010-12-01 01:47:50
396,0,2010-12-01 01:47:55
397,0,2010-12-01 01:48:00
397,0,2010-12-01 01:48:05
397,1,2010-12-01 01:48:10
398,0,2010-12-01 01:48:15
398,2,2010-12-01 01:48:20
398,0,2010-12-01 01:48:25
398,1,2010-12-01 01:48:30
399,0,2010-12-01 01:48:35
399,2,2010-12-01 01:48:40
399,2,2010-12-01 01:48:45
399,0,2010-12-01 01:48:50
399,2,2010-12-01 01:48:55
399,2,2010-12-01 01:49:00
399,0,2010-12-01 01:49:05
399,2,2010-12-01 01:49:10
399,0,2010-12-01 01:49:15
399,2,2010-12-01 01:49:20
399,0,2010-12-01 01:49:25
399,0,2010-12-01 01:49:30
399,2,2010-12-01 01:49:35
399,0,2010-12-01 01:49:40
399,1,2010-12-01 01:49:45
400,0,2010-12-01 01:49:50
400,1,2010-12-01 01:49:55
401,0,2010-12-01 01:50:00
401,2,2010-12-01 01:50:05
401,0,2010-12-01 01:50:10
401,2,2010-12-01 01:50:15
401,0,2010-12-01 01:50:20
401,0,2010-12-01 01:50:25
401,1,2010-12-01 01:50:30
402,0,2010-12-01 01:50:35
402,2,2010-12-01 01:50:40
403,0,2010-12-01 01:50:45
403,2,2010-12-01 01:50:50
403,2,2010-12-01 01:50:55
403,2,2010-12-01 01:51:00
404,0,2010-12-01 01:51:05
404,1,2010-12-01 01:51:10
405,0,2010-12-01 01:51:15
405,1,2010-12-01 01:51:20
406,0,2010-12-01 01:51:25
406,1,2010-12-01 01:51:30
407,0,2010-12-01 01:51:35
407,0,2010-12-01 01:51:40
407,2,2010-12-01 01:51:45
407,2,2010-12-01 01:51:50
407,2,2010-12-01 01:51:55
407,0,2010-12-01 01:52:00
407,2,2010-12-01 01:52:05
407,0,2010-12-01 01:52:10
407,0,2010-12-01 01:52:15
407,0,2010-12-01 01:52:20
407,1,2010-12-01 01:52:25
408,0,2010-12-01 01:52:30
408,0,2010-12-01 01:52:35
408,1,2010-12-01 01:52:40
409,0,2010-12-01 01:52:45
409,1,2010-12-01 01:52:50
410,0,2010-12-01 01:52:55
410,1,2010-12-01 01:53:00
411,0,2010-12-01 01:53:05
411,1,2010-12-01 01:53:10
412,0,2010-12-01 01:53:15
412,2,2010-12-01 01:53:20
412,0,2010-12-01 01:53:25
412,2,2010-12-01 01:53:30
413,0,2010-12-01 01:53:35
413,1,2010-12-01 01:53:40
414,0,2010-12-01 01:53:45
414,2,2010-12-01 01:53:50
414,0,2010-12-01 01:53:55
414,0,2010-12-01 01:54:00
414,2,2010-12-01 01:54:05
414,0,2010-12-01 01:54:10
414,2,2010-12-01 01:54:15
414,0,2010-12-01 01:54:20
415,0,2010-12-01 01:54:25
415,2,2010-12-01 01:54:30
415,0,2010-12-01 01:54:35
415,1,2010-12-01 01:54:40
416,0,2010-12-01 01:54:45
416,0,2010-12-01 01:54:50
416,1,2010-12-01 01:54:55
417,0,2010-12-01 01:55:00
417,2,2010-12-01 01:55:05
417,0,2010-12-01 01:55:10
417,1,2010-12-01 01:55:15
418,2,2010-12-01 01:55:20
418,0,2010-12-01 01:55:25
418,1,2010-12-01 01:55:30
419,0,2010-12-01 01:55:35
419,2,2010-12-01 01:55:40
420,0,2010-12-01 01:55:45
420,2,2010-12-01 01:55:50
421,0,2010-12-01 01:55:55
421,1,2010-12-01 01:56:00
422,0,2010-12-01 01:56:05
422,0,2010-12-01 01:56:10
422,1,2010-12-01 01:56:15
422,0,2010-12-01 01:56:20
422,1,2010-12-01 01:56:25
422,0,2010-12-01 01:56:30
422,1,2010-12-01 01:56:35
422,0,2010-12-01 01:56:40
422,1,2010-12-01 01:56:45
423,0,2010-12-01 01:56:50
423,1,2010-12-01 01:56:55
424,0,2010-12-01 01:57:00
424,0,2010-12-01 01:57:05
424,0,2010-12-01 01:57:10
424,0,2010-12-01 01:57:15
424,0,2010-12-01 01:57:20
424,0,2010-12-01 01:57:25
424,1,2010-12-01 01:57:30
425,0,2010-12-01 01:57:35
425,2,2010-12-01 01:57:40
425,2,2010-12-01 01:57:45
425,2,2010-12-01 01:57:50
425,0,2010-12-01 01:57:55
425,2,2010-12-01 01:58:00
425,0,2010-12-01 01:58:05
425,2,2010-12-01 01:58:10
426,0,2010-12-01 01:58:15
426,2,2010-12-01 01:58:20
426,0,2010-12-01 01:58:25
426,1,2010-12-01 01:58:30
427,0,2010-12-01 01:58:35
427,0,2010-12-01 01:58:40
427,2,2010-12-01 01:58:45
427,0,2010-12-01 01:58:50
427,2,2010-12-01 01:58:55
428,0,2010-12-01 01:59:00
428,0,2010-12-01 01:59:05
428,1,2010-12-01 01:59:10
429,0,2010-12-01 01:59:15
429,1,2010-12-01 01:59:20
430,0,2010-12-01 01:59:25
430,0,2010-12-01 01:59:30
430,1,2010-12-01 01:59:35
431,0,2010-12-01 01:59:40
431,0,2010-12-01 01:59:45
431,0,2010-12-01 01:59:50
431,0,2010-12-01 01:59:55
431,1,2010-12-01 02:00:00
432,0,2010-12-01 02:00:05
432,2,2010-12-01 02:00:10
432,0,2010-12-01 02:00:15
432,1,2010-12-01 02:00:20
433,0,2010-12-01 02:00:25
433,1,2010-12-01 02:00:30
434,0,2010-12-01 02:00:35
434,1,2010-12-01 02:00:40
435,2,2010-12-01 02:00:45
435,0,2010-12-01 02:00:50
435,1,2010-12-01 02:00:55
436,0,2010-12-01 02:01:00
436,2,2010-12-01 02:01:05
437,0,2010-12-01 02:01:10
437,1,2010-12-01 02:01:15
438,0,2010-12-01 02:01:20
438,0,2010-12-01 02:01:25
438,1,2010-12-01 02:01:30
439,0,2010-12-01 02:01:35
439,2,2010-12-01 02:01:40
439,0,2010-12-01 02:01:45
439,0,2010-12-01 02:01:50
439,1,2010-12-01 02:01:55
440,0,2010-12-01 02:02:00
440,0,2010-12-01 02:02:05
440,0,2010-12-01 02:02:10
440,1,2010-12-01 02:02:15
441,2,2010-12-01 02:02:20
441,0,2010-12-01 02:02:25
441,2,2010-12-01 02:02:30
441,0,2010-12-01 02:02:35
441,0,2010-12-01 02:02:40
441,0,2010-12-01 02:02:45
441,1,2010-12-01 02:02:50
442,0,2010-12-01 02:02:55
442,2,2010-12-01 02:03:00
442,2,2010-12-01 02:03:05
442,0,2010-12-01 02:03:10
442,2,2010-12-01 02:03:15
442,0,2010-12-01 02:03:20
442,2,2010-12-01 02:03:25
442,0,2010-12-01 02:03:30
442,1,2010-12-01 02:03:35
443,0,2010-12-01 02:03:40
443,2,2010-12-01 02:03:45
443,2,2010-12-01 02:03:50
443,0,2010-12-01 02:03:55
443,2,2010-12-01 02:04:00
443,0,2010-12-01 02:04:05
443,2,2010-12-01 02:04:10
443,0,2010-12-01 02:04:15
443,1,2010-12-01 02:04:20
444,0,2010-12-01 02:04:25
444,0,2010-12-01 02:04:30
445,2,2010-12-01 02:04:35
446,0,2010-12-01 02:04:40
447,0,2010-12-01 02:04:45
447,0,2010-12-01 02:04:50
447,2,2010-12-01 02:04:55
447,0,2010-12-01 02:05:00
447,2,2010-12-01 02:05:05
447,0,2010-12-01 02:05:10
447,2,2010-12-01 02:05:15
447,0,2010-12-01 02:05:20
447,2,2010-12-01 02:05:25
447,0,2010-12-01 02:05:30
447,2,2010-12-01 02:05:35
447,0,2010-12-01 02:05:40
447,0,2010-12-01 02:05:45
447,0,2010-12-01 02:05:50
447,2,2010-12-01 02:05:55
447,0,2010-12-01 02:06:00
447,2,2010-12-01 02:06:05
447,0,2010-12-01 02:06:10
447,0,2010-12-01 02:06:15
447,2,2010-12-01 02:06:20
447,0,2010-12-01 02:06:25
447,0,2010-12-01 02:06:30
448,0,2010-12-01 02:06:35
448,0,2010-12-01 02:06:40
448,2,2010-12-01 02:06:45
448,0,2010-12-01 02:06:50
448,2,2010-12-01 02:06:55
448,0,2010-12-01 02:07:00
448,0,2010-12-01 02:07:05
448,2,2010-12-01 02:07:10
449,0,2010-12-01 02:07:15
449,2,2010-12-01 02:07:20
449,0,2010-12-01 02:07:25
449,2,2010-12-01 02:07:30
449,0,2010-12-01 02:07:35
450,0,2010-12-01 02:07:40
450,2,2010-12-01 02:07:45
450,0,2010-12-01 02:07:50
451,0,2010-12-01 02:07:55
451,2,2010-12-01 02:08:00
451,0,2010-12-01 02:08:05
452,0,2010-12-01 02:08:10
452,2,2010-12-01 02:08:15
452,0,2010-12-01 02:08:20
453,0,2010-12-01 02:08:25
453,2,2010-12-01 02:08:30
453,0,2010-12-01 02:08:35
454,0,2010-12-01 02:08:40
454,2,2010-12-01 02:08:45
454,0,2010-12-01 02:08:50
455,0,2010-12-01 02:08:55
456,0,2010-12-01 02:09:00
456,2,2010-12-01 02:09:05
456,0,2010-12-01 02:09:10
457,0,2010-12-01 02:09:15
457,2,2010-12-01 02:09:20
457,0,2010-12-01 02:09:25
458,0,2010-12-01 02:09:30
458,0,2010-12-01 02:09:35
459,0,2010-12-01 02:09:40
459,0,2010-12-01 02:09:45
459,1,2010-12-01 02:09:50
460,0,2010-12-01 02:09:55
460,0,2010-12-01 02:10:00
461,0,2010-12-01 02:10:05
461,0,2010-12-01 02:10:10
462,0,2010-12-01 02:10:15
463,0,2010-12-01 02:10:20
463,0,2010-12-01 02:10:25
464,0,2010-12-01 02:10:30
465,0,2010-12-01 02:10:35
465,0,2010-12-01 02:10:40
465,0,2010-12-01 02:10:45
465,0,2010-12-01 02:10:50
465,0,2010-12-01 02:10:55
466,0,2010-12-01 02:11:00
466,1,2010-12-01 02:11:05
466,0,2010-12-01 02:11:10
467,0,2010-12-01 02:11:15
467,2,2010-12-01 02:11:20
467,0,2010-12-01 02:11:25
467,2,2010-12-01 02:11:30
467,0,2010-12-01 02:11:35
467,0,2010-12-01 02:11:40
468,0,2010-12-01 02:11:45
468,2,2010-12-01 02:11:50
468,2,2010-12-01 02:11:55
468,0,2010-12-01 02:12:00
468,0,2010-12-01 02:12:05
468,2,2010-12-01 02:12:10
468,2,2010-12-01 02:12:15
468,0,2010-12-01 02:12:20
468,1,2010-12-01 02:12:25
468,0,2010-12-01 02:12:30
468,1,2010-12-01 02:12:35
469,2,2010-12-01 02:12:40
469,0,2010-12-01 02:12:45
470,0,2010-12-01 02:12:50
470,0,2010-12-01 02:12:55
470,0,2010-12-01 02:13:00
471,0,2010-12-01 02:13:05
472,2,2010-12-01 02:13:10
472,0,2010-12-01 02:13:15
472,2,2010-12-01 02:13:20
472,0,2010-12-01 02:13:25
472,2,2010-12-01 02:13:30
472,0,2010-12-01 02:13:35
472,2,2010-12-01 02:13:40
472,2,2010-12-01 02:13:45
472,0,2010-12-01 02:13:50
472,2,2010-12-01 02:13:55
473,0,2010-12-01 02:14:00
473,0,2010-12-01 02:14:05
473,0,2010-12-01 02:14:10
474,0,2010-12-01 02:14:15
474,2,2010-12-01 02:14:20
474,0,2010-12-01 02:14:25
474,0,2010-12-01 02:14:30
475,2,2010-12-01 02:14:35
476,0,2010-12-01 02:14:40
476,2,2010-12-01 02:14:45
476,0,2010-12-01 02:14:50
477,0,2010-12-01 02:14:55
478,0,2010-12-01 02:15:00
479,0,2010-12-01 02:15:05
480,0,2010-12-01 02:15:10
480,0,2010-12-01 02:15:15
481,0,2010-12-01 02:15:20
482,0,2010-12-01 02:15:25
483,0,2010-12-01 02:15:30
484,0,2010-12-01 02:15:35
485,0,2010-12-01 02:15:40
486,0,2010-12-01 02:15:45
487,0,2010-12-01 02:15:50
487,0,2010-12-01 02:15:55
487,0,2010-12-01 02:16:00
487,0,2010-12-01 02:16:05
487,0,2010-12-01 02:16:10
487,2,2010-12-01 02:16:15
488,0,2010-12-01 02:16:20
489,0,2010-12-01 02:16:25
490,0,2010-12-01 02:16:30
491,0,2010-12-01 02:16:35
491,0,2010-12-01 02:16:40
491,0,2010-12-01 02:16:45
491,0,2010-12-01 02:16:50
492,0,2010-12-01 02:16:55
492,2,2010-12-01 02:17:00
492,0,2010-12-01 02:17:05
492,1,2010-12-01 02:17:10
493,0,2010-12-01 02:17:15
493,0,2010-12-01 02:17:20
494,0,2010-12-01 02:17:25
494,0,2010-12-01 02:17:30
494,0,2010-12-01 02:17:35
494,1,2010-12-01 02:17:40
495,0,2010-12-01 02:17:45
496,0,2010-12-01 02:17:50
496,0,2010-12-01 02:17:55
497,0,2010-12-01 02:18:00
497,0,2010-12-01 02:18:05
498,0,2010-12-01 02:18:10
498,0,2010-12-01 02:18:15
498,0,2010-12-01 02:18:20
499,0,2010-12-01 02:18:25
499,2,2010-12-01 02:18:30
499,0,2010-12-01 02:18:35
500,0,2010-12-01 02:18:40
501,0,2010-12-01 02:18:45
501,0,2010-12-01 02:18:50
502,0,2010-12-01 02:18:55
502,0,2010-12-01 02:19:00
503,0,2010-12-01 02:19:05
504,1,2010-12-01 02:19:10
505,0,2010-12-01 02:19:15
506,0,2010-12-01 02:19:20
506,0,2010-12-01 02:19:25
506,0,2010-12-01 02:19:30
507,0,2010-12-01 02:19:35
508,0,2010-12-01 02:19:40
508,0,2010-12-01 02:19:45
509,0,2010-12-01 02:19:50
509,0,2010-12-01 02:19:55
509,0,2010-12-01 02:20:00
509,2,2010-12-01 02:20:05
510,0,2010-12-01 02:20:10
511,0,2010-12-01 02:20:15
511,0,2010-12-01 02:20:20
512,0,2010-12-01 02:20:25
512,0,2010-12-01 02:20:30
513,0,2010-12-01 02:20:35
513,0,2010-12-01 02:20:40
514,0,2010-12-01 02:20:45
515,0,2010-12-01 02:20:50
516,0,2010-12-01 02:20:55
516,0,2010-12-01 02:21:00
517,0,2010-12-01 02:21:05
517,0,2010-12-01 02:21:10
518,0,2010-12-01 02:21:15
519,0,2010-12-01 02:21:20
520,2,2010-12-01 02:21:25
520,0,2010-12-01 02:21:30
520,2,2010-12-01 02:21:35
520,0,2010-12-01 02:21:40
520,2,2010-12-01 02:21:45
520,0,2010-12-01 02:21:50
520,2,2010-12-01 02:21:55
520,0,2010-12-01 02:22:00
521,0,2010-12-01 02:22:05
522,0,2010-12-01 02:22:10
522,1,2010-12-01 02:22:15
523,0,2010-12-01 02:22:20
523,2,2010-12-01 02:22:25
524,0,2010-12-01 02:22:30
524,2,2010-12-01 02:22:35
524,0,2010-12-01 02:22:40
525,0,2010-12-01 02:22:45
525,1,2010-12-01 02:22:50
526,0,2010-12-01 02:22:55
526,0,2010-12-01 02:23:00
527,0,2010-12-01 02:23:05
527,0,2010-12-01 02:23:10
528,0,2010-12-01 02:23:15
528,2,2010-12-01 02:23:20
528,0,2010-12-01 02:23:25
529,0,2010-12-01 02:23:30
529,0,2010-12-01 02:23:35
530,0,2010-12-01 02:23:40
530,0,2010-12-01 02:23:45
531,0,2010-12-01 02:23:50
532,0,2010-12-01 02:23:55
532,1,2010-12-01 02:24:00
533,0,2010-12-01 02:24:05
534,0,2010-12-01 02:24:10
534,0,2010-12-01 02:24:15
535,0,2010-12-01 02:24:20
536,2,2010-12-01 02:24:25
537,0,2010-12-01 02:24:30
537,1,2010-12-01 02:24:35
538,0,2010-12-01 02:24:40
539,0,2010-12-01 02:24:45
539,1,2010-12-01 02:24:50
540,0,2010-12-01 02:24:55
540,1,2010-12-01 02:25:00
541,0,2010-12-01 02:25:05
541,0,2010-12-01 02:25:10
542,0,2010-12-01 02:25:15
543,0,2010-12-01 02:25:20
544,0,2010-12-01 02:25:25
544,0,2010-12-01 02:25:30
545,0,2010-12-01 02:25:35
546,0,2010-12-01 02:25:40
546,0,2010-12-01 02:25:45
547,0,2010-12-01 02:25:50
547,0,2010-12-01 02:25:55
548,0,2010-12-01 02:26:00
549,0,2010-12-01 02:26:05
550,0,2010-12-01 02:26:10
550,0,2010-12-01 02:26:15
550,0,2010-12-01 02:26:20
551,0,2010-12-01 02:26:25
551,1,2010-12-01 02:26:30
552,0,2010-12-01 02:26:35
553,0,2010-12-01 02:26:40
553,0,2010-12-01 02:26:45
554,2,2010-12-01 02:26:50
554,0,2010-12-01 02:26:55
554,1,2010-12-01 02:27:00
554,0,2010-12-01 02:27:05
554,2,2010-12-01 02:27:10
554,0,2010-12-01 02:27:15
554,2,2010-12-01 02:27:20
554,0,2010-12-01 02:27:25
554,0,2010-12-01 02:27:30
555,0,2010-12-01 02:27:35
556,0,2010-12-01 02:27:40
557,0,2010-12-01 02:27:45
558,2,2010-12-01 02:27:50
558,0,2010-12-01 02:27:55
558,0,2010-12-01 02:28:00
559,0,2010-12-01 02:28:05
560,0,2010-12-01 02:28:10
560,1,2010-12-01 02:28:15
561,0,2010-12-01 02:28:20
561,2,2010-12-01 02:28:25
561,0,2010-12-01 02:28:30
562,0,2010-12-01 02:28:35
562,2,2010-12-01 02:28:40
562,0,2010-12-01 02:28:45
563,0,2010-12-01 02:28:50
563,2,2010-12-01 02:28:55
563,2,2010-12-01 02:29:00
563,2,2010-12-01 02:29:05
563,0,2010-12-01 02:29:10
563,2,2010-12-01 02:29:15
564,0,2010-12-01 02:29:20
564,0,2010-12-01 02:29:25
565,0,2010-12-01 02:29:30
565,0,2010-12-01 02:29:35
566,0,2010-12-01 02:29:40
567,0,2010-12-01 02:29:45
567,2,2010-12-01 02:29:50
568,0,2010-12-01 02:29:55
568,1,2010-12-01 02:30:00
569,0,2010-12-01 02:30:05
570,0,2010-12-01 02:30:10
570,2,2010-12-01 02:30:15
571,0,2010-12-01 02:30:20
571,2,2010-12-01 02:30:25
571,0,2010-12-01 02:30:30
572,0,2010-12-01 02:30:35
572,2,2010-12-01 02:30:40
573,0,2010-12-01 02:30:45
573,2,2010-12-01 02:30:50
573,0,2010-12-01 02:30:55
574,0,2010-12-01 02:31:00
574,2,2010-12-01 02:31:05
575,0,2010-12-01 02:31:10
576,0,2010-12-01 02:31:15
577,0,2010-12-01 02:31:20
577,0,2010-12-01 02:31:25
578,2,2010-12-01 02:31:30
579,2,2010-12-01 02:31:35
580,0,2010-12-01 02:31:40
580,2,2010-12-01 02:31:45
580,0,2010-12-01 02:31:50
580,0,2010-12-01 02:31:55
580,0,2010-12-01 02:32:00
581,0,2010-12-01 02:32:05
581,0,2010-12-01 02:32:10
581,0,2010-12-01 02:32:15
582,2,2010-12-01 02:32:20
582,0,2010-12-01 02:32:25
582,2,2010-12-01 02:32:30
583,0,2010-12-01 02:32:35
583,0,2010-12-01 02:32:40
584,0,2010-12-01 02:32:45
584,0,2010-12-01 02:32:50
585,0,2010-12-01 02:32:55
585,1,2010-12-01 02:33:00
586,0,2010-12-01 02:33:05
587,0,2010-12-01 02:33:10
588,0,2010-12-01 02:33:15
588,0,2010-12-01 02:33:20
589,0,2010-12-01 02:33:25
589,0,2010-12-01 02:33:30
590,0,2010-12-01 02:33:35
590,0,2010-12-01 02:33:40
591,0,2010-12-01 02:33:45
592,0,2010-12-01 02:33:50
592,2,2010-12-01 02:33:55
592,0,2010-12-01 02:34:00
592,2,2010-12-01 02:34:05
592,0,2010-12-01 02:34:10
593,0,2010-12-01 02:34:15
593,0,2010-12-01 02:34:20
593,0,2010-12-01 02:34:25
594,0,2010-12-01 02:34:30
594,2,2010-12-01 02:34:35
594,0,2010-12-01 02:34:40
594,0,2010-12-01 02:34:45
595,0,2010-12-01 02:34:50
596,0,2010-12-01 02:34:55
596,2,2010-12-01 02:35:00
596,0,2010-12-01 02:35:05
596,2,2010-12-01 02:35:10
596,0,2010-12-01 02:35:15
596,2,2010-12-01 02:35:20
596,0,2010-12-01 02:35:25
596,0,2010-12-01 02:35:30
596,2,2010-12-01 02:35:35
597,0,2010-12-01 02:35:40
597,0,2010-12-01 02:35:45
597,2,2010-12-01 02:35:50
598,2,2010-12-01 02:35:55
598,0,2010-12-01 02:36:00
598,2,2010-12-01 02:36:05
598,0,2010-12-01 02:36:10
598,2,2010-12-01 02:36:15
598,0,2010-12-01 02:36:20
598,2,2010-12-01 02:36:25
598,0,2010-12-01 02:36:30
598,0,2010-12-01 02:36:35
599,0,2010-12-01 02:36:40
600,0,2010-12-01 02:36:45
600,2,2010-12-01 02:36:50
600,2,2010-12-01 02:36:55
600,2,2010-12-01 02:37:00
601,0,2010-12-01 02:37:05
601,0,2010-12-01 02:37:10
601,0,2010-12-01 02:37:15
602,0,2010-12-01 02:37:20
603,0,2010-12-01 02:37:25
603,0,2010-12-01 02:37:30
604,0,2010-12-01 02:37:35
604,0,2010-12-01 02:37:40
605,0,2010-12-01 02:37:45
605,0,2010-12-01 02:37:50
606,0,2010-12-01 02:37:55
606,0,2010-12-01 02:38:00
607,0,2010-12-01 02:38:05
608,0,2010-12-01 02:38:10
609,0,2010-12-01 02:38:15
609,1,2010-12-01 02:38:20
610,0,2010-12-01 02:38:25
610,0,2010-12-01 02:38:30
611,0,2010-12-01 02:38:35
611,2,2010-12-01 02:38:40
612,0,2010-12-01 02:38:45
613,0,2010-12-01 02:38:50
614,0,2010-12-01 02:38:55
614,0,2010-12-01 02:39:00
615,0,2010-12-01 02:39:05
615,0,2010-12-01 02:39:10
616,0,2010-12-01 02:39:15
617,0,2010-12-01 02:39:20
618,0,2010-12-01 02:39:25
619,0,2010-12-01 02:39:30
619,2,2010-12-01 02:39:35
619,2,2010-12-01 02:39:40
619,0,2010-12-01 02:39:45
619,2,2010-12-01 02:39:50
620,0,2010-12-01 02:39:55
620,0,2010-12-01 02:40:00
621,0,2010-12-01 02:40:05
621,0,2010-12-01 02:40:10
622,0,2010-12-01 02:40:15
622,0,2010-12-01 02:40:20
623,0,2010-12-01 02:40:25
623,2,2010-12-01 02:40:30
623,0,2010-12-01 02:40:35
624,0,2010-12-01 02:40:40
624,0,2010-12-01 02:40:45
625,0,2010-12-01 02:40:50
626,0,2010-12-01 02:40:55
627,0,2010-12-01 02:41:00
628,0,2010-12-01 02:41:05
628,0,2010-12-01 02:41:10
629,0,2010-12-01 02:41:15
630,0,2010-12-01 02:41:20
631,0,2010-12-01 02:41:25
631,0,2010-12-01 02:41:30
632,0,2010-12-01 02:41:35
632,0,2010-12-01 02:41:40
633,0,2010-12-01 02:41:45
634,0,2010-12-01 02:41:50
634,0,2010-12-01 02:41:55
635,0,2010-12-01 02:42:00
636,0,2010-12-01 02:42:05
636,0,2010-12-01 02:42:10
637,0,2010-12-01 02:42:15
637,0,2010-12-01 02:42:20
638,0,2010-12-01 02:42:25
639,0,2010-12-01 02:42:30
639,0,2010-12-01 02:42:35
639,0,2010-12-01 02:42:40
639,0,2010-12-01 02:42:45
640,0,2010-12-01 02:42:50
640,1,2010-12-01 02:42:55
641,0,2010-12-01 02:43:00
642,0,2010-12-01 02:43:05
643,0,2010-12-01 02:43:10
643,2,2010-12-01 02:43:15
643,0,2010-12-01 02:43:20
644,0,2010-12-01 02:43:25
644,2,2010-12-01 02:43:30
644,0,2010-12-01 02:43:35
644,2,2010-12-01 02:43:40
644,2,2010-12-01 02:43:45
644,0,2010-12-01 02:43:50
644,0,2010-12-01 02:43:55
645,0,2010-12-01 02:44:00
646,0,2010-12-01 02:44:05
647,0,2010-12-01 02:44:10
648,0,2010-12-01 02:44:15
648,0,2010-12-01 02:44:20
649,0,2010-12-01 02:44:25
649,2,2010-12-01 02:44:30
649,0,2010-12-01 02:44:35
649,0,2010-12-01 02:44:40
650,0,2010-12-01 02:44:45
650,2,2010-12-01 02:44:50
650,0,2010-12-01 02:44:55
650,2,2010-12-01 02:45:00
650,0,2010-12-01 02:45:05
650,0,2010-12-01 02:45:10
651,0,2010-12-01 02:45:15
651,2,2010-12-01 02:45:20
651,0,2010-12-01 02:45:25
651,0,2010-12-01 02:45:30
651,0,2010-12-01 02:45:35
652,0,2010-12-01 02:45:40
652,0,2010-12-01 02:45:45
653,0,2010-12-01 02:45:50
653,0,2010-12-01 02:45:55
654,0,2010-12-01 02:46:00
654,0,2010-12-01 02:46:05
655,0,2010-12-01 02:46:10
656,0,2010-12-01 02:46:15
657,0,2010-12-01 02:46:20
658,0,2010-12-01 02:46:25
659,0,2010-12-01 02:46:30
660,0,2010-12-01 02:46:35
661,2,2010-12-01 02:46:40
661,0,2010-12-01 02:46:45
661,0,2010-12-01 02:46:50
661,2,2010-12-01 02:46:55
661,0,2010-12-01 02:47:00
661,0,2010-12-01 02:47:05
662,0,2010-12-01 02:47:10
662,2,2010-12-01 02:47:15
663,0,2010-12-01 02:47:20
664,0,2010-12-01 02:47:25
664,2,2010-12-01 02:47:30
664,0,2010-12-01 02:47:35
664,0,2010-12-01 02:47:40
664,0,2010-12-01 02:47:45
664,0,2010-12-01 02:47:50
664,2,2010-12-01 02:47:55
664,0,2010-12-01 02:48:00
665,0,2010-12-01 02:48:05
665,0,2010-12-01 02:48:10
665,2,2010-12-01 02:48:15
665,0,2010-12-01 02:48:20
666,0,2010-12-01 02:48:25
667,0,2010-12-01 02:48:30
668,0,2010-12-01 02:48:35
668,0,2010-12-01 02:48:40
668,0,2010-12-01 02:48:45
668,0,2010-12-01 02:48:50
669,0,2010-12-01 02:48:55
669,0,2010-12-01 02:49:00
670,0,2010-12-01 02:49:05
671,0,2010-12-01 02:49:10
672,0,2010-12-01 02:49:15
673,0,2010-12-01 02:49:20
673,0,2010-12-01 02:49:25
674,0,2010-12-01 02:49:30
674,0,2010-12-01 02:49:35
674,0,2010-12-01 02:49:40
675,0,2010-12-01 02:49:45
676,0,2010-12-01 02:49:50
676,0,2010-12-01 02:49:55
676,0,2010-12-01 02:50:00
676,0,2010-12-01 02:50:05
677,0,2010-12-01 02:50:10
678,0,2010-12-01 02:50:15
678,0,2010-12-01 02:50:20
679,0,2010-12-01 02:50:25
680,0,2010-12-01 02:50:30
680,0,2010-12-01 02:50:35
681,0,2010-12-01 02:50:40
681,0,2010-12-01 02:50:45
682,0,2010-12-01 02:50:50
683,0,2010-12-01 02:50:55
683,2,2010-12-01 02:51:00
683,0,2010-12-01 02:51:05
683,2,2010-12-01 02:51:10
683,2,2010-12-01 02:51:15
683,0,2010-12-01 02:51:20
683,2,2010-12-01 02:51:25
683,0,2010-12-01 02:51:30
683,2,2010-12-01 02:51:35
684,0,2010-12-01 02:51:40
684,2,2010-12-01 02:51:45
685,0,2010-12-01 02:51:50
686,0,2010-12-01 02:51:55
687,0,2010-12-01 02:52:00
688,0,2010-12-01 02:52:05
689,0,2010-12-01 02:52:10
689,0,2010-12-01 02:52:15
690,2,2010-12-01 02:52:20
690,0,2010-12-01 02:52:25
690,0,2010-12-01 02:52:30
690,2,2010-12-01 02:52:35
691,0,2010-12-01 02:52:40
691,2,2010-12-01 02:52:45
691,0,2010-12-01 02:52:50
691,0,2010-12-01 02:52:55
691,0,2010-12-01 02:53:00
692,0,2010-12-01 02:53:05
692,2,2010-12-01 02:53:10
692,0,2010-12-01 02:53:15
693,0,2010-12-01 02:53:20
694,0,2010-12-01 02:53:25
694,0,2010-12-01 02:53:30
695,0,2010-12-01 02:53:35
696,0,2010-12-01 02:53:40
697,2,2010-12-01 02:53:45
697,0,2010-12-01 02:53:50
698,0,2010-12-01 02:53:55
698,0,2010-12-01 02:54:00
699,0,2010-12-01 02:54:05
699,0,2010-12-01 02:54:10
700,0,2010-12-01 02:54:15
700,0,2010-12-01 02:54:20
701,0,2010-12-01 02:54:25
702,0,2010-12-01 02:54:30
702,2,2010-12-01 02:54:35
702,0,2010-12-01 02:54:40
702,0,2010-12-01 02:54:45
703,0,2010-12-01 02:54:50
704,0,2010-12-01 02:54:55
704,2,2010-12-01 02:55:00
704,0,2010-12-01 02:55:05
704,2,2010-12-01 02:55:10
704,0,2010-12-01 02:55:15
705,0,2010-12-01 02:55:20
706,0,2010-12-01 02:55:25
707,0,2010-12-01 02:55:30
707,0,2010-12-01 02:55:35
708,0,2010-12-01 02:55:40
708,0,2010-12-01 02:55:45
709,0,2010-12-01 02:55:50
709,0,2010-12-01 02:55:55
710,0,2010-12-01 02:56:00
710,0,2010-12-01 02:56:05
711,0,2010-12-01 02:56:10
711,2,2010-12-01 02:56:15
712,0,2010-12-01 02:56:20
712,0,2010-12-01 02:56:25
713,0,2010-12-01 02:56:30
713,0,2010-12-01 02:56:35
714,0,2010-12-01 02:56:40
714,0,2010-12-01 02:56:45
715,0,2010-12-01 02:56:50
715,2,2010-12-01 02:56:55
715,0,2010-12-01 02:57:00
715,0,2010-12-01 02:57:05
715,2,2010-12-01 02:57:10
715,0,2010-12-01 02:57:15
716,0,2010-12-01 02:57:20
717,0,2010-12-01 02:57:25
717,2,2010-12-01 02:57:30
717,0,2010-12-01 02:57:35
718,0,2010-12-01 02:57:40
718,0,2010-12-01 02:57:45
719,0,2010-12-01 02:57:50
719,2,2010-12-01 02:57:55
719,0,2010-12-01 02:58:00
719,2,2010-12-01 02:58:05
719,0,2010-12-01 02:58:10
719,0,2010-12-01 02:58:15
719,2,2010-12-01 02:58:20
720,0,2010-12-01 02:58:25
720,2,2010-12-01 02:58:30
720,0,2010-12-01 02:58:35
720,2,2010-12-01 02:58:40
720,0,2010-12-01 02:58:45
720,0,2010-12-01 02:58:50
720,2,2010-12-01 02:58:55
720,0,2010-12-01 02:59:00
720,0,2010-12-01 02:59:05
720,2,2010-12-01 02:59:10
720,0,2010-12-01 02:59:15
721,0,2010-12-01 02:59:20
721,0,2010-12-01 02:59:25
721,0,2010-12-01 02:59:30
722,0,2010-12-01 02:59:35
723,0,2010-12-01 02:59:40
724,0,2010-12-01 02:59:45
725,0,2010-12-01 02:59:50
725,0,2010-12-01 02:59:55
726,0,2010-12-01 03:00:00
726,0,2010-12-01 03:00:05
727,0,2010-12-01 03:00:10
728,0,2010-12-01 03:00:15
728,0,2010-12-01 03:00:20
729,0,2010-12-01 03:00:25
729,2,2010-12-01 03:00:30
729,0,2010-12-01 03:00:35
729,0,2010-12-01 03:00:40
729,2,2010-12-01 03:00:45
730,0,2010-12-01 03:00:50
730,0,2010-12-01 03:00:55
731,0,2010-12-01 03:01:00
732,0,2010-12-01 03:01:05
733,0,2010-12-01 03:01:10
733,2,2010-12-01 03:01:15
733,0,2010-12-01 03:01:20
734,0,2010-12-01 03:01:25
734,0,2010-12-01 03:01:30
735,0,2010-12-01 03:01:35
735,0,2010-12-01 03:01:40
736,0,2010-12-01 03:01:45
736,0,2010-12-01 03:01:50
736,0,2010-12-01 03:01:55
737,0,2010-12-01 03:02:00
738,2,2010-12-01 03:02:05
738,0,2010-12-01 03:02:10
738,0,2010-12-01 03:02:15
738,0,2010-12-01 03:02:20
738,0,2010-12-01 03:02:25
738,0,2010-12-01 03:02:30
739,0,2010-12-01 03:02:35
740,0,2010-12-01 03:02:40
741,0,2010-12-01 03:02:45
741,0,2010-12-01 03:02:50
742,0,2010-12-01 03:02:55
742,0,2010-12-01 03:03:00
743,0,2010-12-01 03:03:05
744,0,2010-12-01 03:03:10
744,0,2010-12-01 03:03:15
745,0,2010-12-01 03:03:20
746,0,2010-12-01 03:03:25
746,0,2010-12-01 03:03:30
746,0,2010-12-01 03:03:35
747,0,2010-12-01 03:03:40
747,2,2010-12-01 03:03:45
747,0,2010-12-01 03:03:50
748,0,2010-12-01 03:03:55
749,0,2010-12-01 03:04:00
750,0,2010-12-01 03:04:05
751,0,2010-12-01 03:04:10
751,0,2010-12-01 03:04:15
752,0,2010-12-01 03:04:20
752,2,2010-12-01 03:04:25
752,0,2010-12-01 03:04:30
752,2,2010-12-01 03:04:35
752,2,2010-12-01 03:04:40
753,0,2010-12-01 03:04:45
754,0,2010-12-01 03:04:50
754,0,2010-12-01 03:04:55
755,0,2010-12-01 03:05:00
755,0,2010-12-01 03:05:05
755,0,2010-12-01 03:05:10
755,0,2010-12-01 03:05:15
756,0,2010-12-01 03:05:20
757,2,2010-12-01 03:05:25
757,0,2010-12-01 03:05:30
758,2,2010-12-01 03:05:35
758,2,2010-12-01 03:05:40
758,0,2010-12-01 03:05:45
759,0,2010-12-01 03:05:50
759,0,2010-12-01 03:05:55
759,0,2010-12-01 03:06:00
760,0,2010-12-01 03:06:05
761,0,2010-12-01 03:06:10
761,0,2010-12-01 03:06:15
761,0,2010-12-01 03:06:20
761,0,2010-12-01 03:06:25
762,0,2010-12-01 03:06:30
762,2,2010-12-01 03:06:35
763,0,2010-12-01 03:06:40
764,0,2010-12-01 03:06:45
764,0,2010-12-01 03:06:50
765,0,2010-12-01 03:06:55
766,0,2010-12-01 03:07:00
766,0,2010-12-01 03:07:05
767,0,2010-12-01 03:07:10
767,0,2010-12-01 03:07:15
767,0,2010-12-01 03:07:20
767,0,2010-12-01 03:07:25
768,0,2010-12-01 03:07:30
768,2,2010-12-01 03:07:35
768,0,2010-12-01 03:07:40
769,2,2010-12-01 03:07:45
769,0,2010-12-01 03:07:50
769,0,2010-12-01 03:07:55
769,0,2010-12-01 03:08:00
770,0,2010-12-01 03:08:05
770,0,2010-12-01 03:08:10
770,2,2010-12-01 03:08:15
771,0,2010-12-01 03:08:20
771,0,2010-12-01 03:08:25
771,0,2010-12-01 03:08:30
772,2,2010-12-01 03:08:35
773,0,2010-12-01 03:08:40
773,2,2010-12-01 03:08:45
773,0,2010-12-01 03:08:50
774,0,2010-12-01 03:08:55
774,2,2010-12-01 03:09:00
774,2,2010-12-01 03:09:05
775,0,2010-12-01 03:09:10
776,0,2010-12-01 03:09:15
777,0,2010-12-01 03:09:20
777,0,2010-12-01 03:09:25
777,2,2010-12-01 03:09:30
777,0,2010-12-01 03:09:35
778,0,2010-12-01 03:09:40
778,2,2010-12-01 03:09:45
779,0,2010-12-01 03:09:50
779,2,2010-12-01 03:09:55
780,0,2010-12-01 03:10:00
781,0,2010-12-01 03:10:05
781,2,2010-12-01 03:10:10
782,0,2010-12-01 03:10:15
782,2,2010-12-01 03:10:20
783,0,2010-12-01 03:10:25
783,2,2010-12-01 03:10:30
784,0,2010-12-01 03:10:35
784,2,2010-12-01 03:10:40
785,0,2010-12-01 03:10:45
786,0,2010-12-01 03:10:50
787,0,2010-12-01 03:10:55
787,0,2010-12-01 03:11:00
787,2,2010-12-01 03:11:05
788,0,2010-12-01 03:11:10
789,0,2010-12-01 03:11:15
790,0,2010-12-01 03:11:20
791,0,2010-12-01 03:11:25
792,0,2010-12-01 03:11:30
792,2,2010-12-01 03:11:35
792,0,2010-12-01 03:11:40
793,0,2010-12-01 03:11:45
794,0,2010-12-01 03:11:50
794,0,2010-12-01 03:11:55
795,0,2010-12-01 03:12:00
795,0,2010-12-01 03:12:05
796,0,2010-12-01 03:12:10
796,0,2010-12-01 03:12:15
797,0,2010-12-01 03:12:20
797,2,2010-12-01 03:12:25
797,0,2010-12-01 03:12:30
797,2,2010-12-01 03:12:35
797,0,2010-12-01 03:12:40
797,2,2010-12-01 03:12:45
797,0,2010-12-01 03:12:50
798,0,2010-12-01 03:12:55
798,2,2010-12-01 03:13:00
798,0,2010-12-01 03:13:05
798,0,2010-12-01 03:13:10
799,2,2010-12-01 03:13:15
800,0,2010-12-01 03:13:20
801,0,2010-12-01 03:13:25
801,0,2010-12-01 03:13:30
802,0,2010-12-01 03:13:35
802,0,2010-12-01 03:13:40
803,0,2010-12-01 03:13:45
803,0,2010-12-01 03:13:50
804,0,2010-12-01 03:13:55
804,0,2010-12-01 03:14:00
805,0,2010-12-01 03:14:05
806,0,2010-12-01 03:14:10
806,0,2010-12-01 03:14:15
807,0,2010-12-01 03:14:20
807,0,2010-12-01 03:14:25
808,0,2010-12-01 03:14:30
808,0,2010-12-01 03:14:35
809,0,2010-12-01 03:14:40
810,0,2010-12-01 03:14:45
810,0,2010-12-01 03:14:50
811,0,2010-12-01 03:14:55
812,0,2010-12-01 03:15:00
813,0,2010-12-01 03:15:05
813,2,2010-12-01 03:15:10
813,0,2010-12-01 03:15:15
814,0,2010-12-01 03:15:20
815,0,2010-12-01 03:15:25
816,0,2010-12-01 03:15:30
816,0,2010-12-01 03:15:35
817,0,2010-12-01 03:15:40
817,0,2010-12-01 03:15:45
818,0,2010-12-01 03:15:50
818,0,2010-12-01 03:15:55
